gen,AA,AB,BB,BO,OO,AO
0,0.230313,0.149936,0.0601982,0.169075,0.291131,0.099337
1,0.182595,0.163255,0.0609382,0.156855,0.258332,0.178015
2,0.145836,0.157595,0.0551183,0.174975,0.209714,0.256752
3,0.130176,0.158555,0.0511385,0.179675,0.192734,0.287711
4,0.125336,0.155395,0.0505185,0.185614,0.182995,0.300131
5,0.128176,0.153575,0.0488785,0.188514,0.179075,0.301771
6,0.127236,0.155975,0.0491185,0.187334,0.182695,0.297631
7,0.127096,0.155815,0.0488785,0.189134,0.179875,0.299191
8,0.125816,0.153675,0.0495185,0.187274,0.182755,0.300951
9,0.123956,0.153235,0.0497185,0.189694,0.180475,0.302911
10,0.125076,0.156315,0.0491185,0.186254,0.180715,0.302511
11,0.121496,0.155595,0.0498785,0.188394,0.181335,0.303291
12,0.126596,0.155375,0.0491785,0.189234,0.180815,0.298791
13,0.126536,0.156075,0.0493785,0.188474,0.180975,0.298551
14,0.126996,0.154615,0.0471986,0.189574,0.181875,0.299731
15,0.127656,0.153255,0.0493985,0.190974,0.181595,0.297111
16,0.126136,0.157515,0.0483585,0.190914,0.177595,0.299471
17,0.124056,0.157095,0.0494785,0.186174,0.181995,0.301191
18,0.125436,0.156635,0.0497985,0.191174,0.180775,0.296171
19,0.126956,0.157055,0.0483585,0.188414,0.180215,0.298991
20,0.127176,0.155595,0.0489785,0.192094,0.178975,0.297171
21,0.126476,0.157395,0.0503385,0.190054,0.179075,0.296651
22,0.125316,0.157395,0.0500585,0.188594,0.178615,0.300011
23,0.122156,0.159415,0.0503385,0.191534,0.178455,0.298091
24,0.122416,0.157355,0.0516185,0.190354,0.179175,0.299071
25,0.121656,0.157255,0.0508385,0.191594,0.180995,0.297651
26,0.123736,0.159235,0.0506585,0.190994,0.178475,0.296891
27,0.122896,0.158095,0.0503985,0.187494,0.181815,0.299291
28,0.122436,0.156895,0.0502185,0.190534,0.181555,0.298351
29,0.123776,0.156115,0.0513585,0.191214,0.178995,0.298531
30,0.122536,0.159275,0.0496785,0.191134,0.179095,0.298271
31,0.119776,0.157575,0.0507185,0.193954,0.179215,0.298751
32,0.120136,0.158495,0.0504585,0.192474,0.180795,0.297631
33,0.121176,0.157135,0.0517184,0.193234,0.179855,0.296871
34,0.120816,0.158635,0.0513585,0.189274,0.182355,0.297551
35,0.119676,0.158855,0.0508385,0.190734,0.180195,0.299691
36,0.119976,0.158435,0.0520184,0.190974,0.179015,0.299571
37,0.118756,0.158875,0.0511785,0.190934,0.183934,0.296311
38,0.122536,0.156695,0.0529984,0.189954,0.182675,0.295131
39,0.120396,0.154775,0.0522384,0.191534,0.186174,0.294871
40,0.119696,0.155375,0.0505185,0.197094,0.182495,0.294811
41,0.120056,0.157835,0.0509985,0.191774,0.184594,0.294731
42,0.121036,0.155455,0.0512185,0.193774,0.183714,0.294791
43,0.120156,0.156815,0.0519584,0.195314,0.180815,0.294931
44,0.119496,0.158835,0.0524184,0.193614,0.181615,0.294011
45,0.120016,0.161235,0.0521584,0.190754,0.181775,0.294051
46,0.120956,0.157815,0.0529784,0.191954,0.179815,0.296471
47,0.120556,0.156375,0.0527984,0.193094,0.177875,0.299291
48,0.117916,0.161175,0.0515985,0.192734,0.178395,0.298171
49,0.121096,0.159895,0.0517584,0.192254,0.180915,0.294071
50,0.122336,0.157555,0.0531784,0.192174,0.178375,0.296371
51,0.125796,0.156355,0.0522384,0.194094,0.177155,0.294351
52,0.121476,0.161275,0.0522584,0.192174,0.176235,0.296571
53,0.121436,0.158235,0.0522184,0.193754,0.179555,0.294791
54,0.122276,0.160495,0.0515585,0.195074,0.178655,0.291931
55,0.120136,0.155155,0.0527784,0.194534,0.180355,0.297031
56,0.121276,0.159515,0.0529784,0.190214,0.179715,0.296291
57,0.120556,0.157755,0.0509785,0.196574,0.179035,0.295091
58,0.120396,0.158475,0.0506585,0.195674,0.179575,0.295211
59,0.121336,0.156675,0.0526184,0.193414,0.177555,0.298391
60,0.120136,0.157835,0.0515585,0.193014,0.180035,0.297411
61,0.121016,0.158615,0.0528384,0.193454,0.180435,0.293631
62,0.122676,0.159775,0.0517584,0.190674,0.182355,0.292751
63,0.119756,0.158475,0.0530584,0.192394,0.183015,0.293291
64,0.121476,0.160315,0.0516185,0.190974,0.181135,0.294471
65,0.121176,0.158415,0.0508785,0.190954,0.181815,0.296751
66,0.120796,0.158375,0.0512185,0.191534,0.181535,0.296531
67,0.122016,0.156895,0.0511185,0.190234,0.186114,0.293611
68,0.122256,0.156995,0.0486985,0.192634,0.184194,0.295211
69,0.119796,0.157395,0.0503985,0.189794,0.184354,0.298251
70,0.120536,0.155395,0.0502585,0.190754,0.184094,0.298951
71,0.117936,0.158255,0.0498985,0.193454,0.183454,0.296991
72,0.119396,0.155875,0.0508785,0.194214,0.182575,0.297051
73,0.121296,0.154495,0.0520784,0.192634,0.185754,0.293731
74,0.120756,0.155595,0.0505585,0.191634,0.184474,0.296971
75,0.117756,0.155155,0.0503385,0.190694,0.185614,0.300431
76,0.119056,0.155355,0.0506785,0.193954,0.182915,0.298031
77,0.120416,0.154515,0.0528784,0.192694,0.183894,0.295591
78,0.120396,0.155935,0.0493585,0.194114,0.183474,0.296711
79,0.120056,0.155935,0.0496785,0.191394,0.184174,0.298751
80,0.119956,0.154915,0.0496985,0.192854,0.184454,0.298111
81,0.122256,0.152855,0.0497385,0.194114,0.181535,0.299491
82,0.119476,0.153875,0.0513185,0.193014,0.184214,0.298091
83,0.120976,0.154615,0.0508985,0.191854,0.184554,0.297091
84,0.120816,0.156015,0.0486585,0.191754,0.187854,0.294891
85,0.120976,0.154755,0.0501385,0.193414,0.183295,0.297411
86,0.120016,0.156235,0.0496985,0.192194,0.184634,0.297211
87,0.121716,0.159355,0.0477986,0.189474,0.185314,0.296331
88,0.121636,0.159795,0.0492985,0.190454,0.182575,0.296231
89,0.122436,0.158775,0.0485185,0.190554,0.182335,0.297371
90,0.121596,0.157015,0.0479386,0.190814,0.181375,0.301251
91,0.122496,0.153795,0.0507185,0.191414,0.182635,0.298931
92,0.121796,0.156595,0.0504985,0.189694,0.182775,0.298631
93,0.120056,0.155235,0.0499985,0.191354,0.183694,0.299651
94,0.123476,0.157695,0.0492985,0.192814,0.181035,0.295671
95,0.120276,0.155975,0.0507785,0.191894,0.180615,0.300451
96,0.123716,0.154735,0.0505985,0.193514,0.181275,0.296151
97,0.122656,0.153895,0.0504385,0.191614,0.183215,0.298171
98,0.123016,0.154815,0.0499785,0.189494,0.182595,0.300091
99,0.122796,0.157555,0.0504185,0.191334,0.181115,0.296771
100,0.117996,0.160055,0.0495585,0.192514,0.182435,0.297431
101,0.116796,0.157035,0.0493185,0.193874,0.181135,0.301831
102,0.119896,0.157715,0.0507385,0.189974,0.181595,0.300071
103,0.119196,0.157715,0.0505585,0.193874,0.179855,0.298791
104,0.117616,0.158115,0.0495385,0.191054,0.182155,0.301511
105,0.121876,0.154995,0.0507985,0.193574,0.181235,0.297511
106,0.119916,0.155415,0.0507585,0.195354,0.184694,0.293851
107,0.118256,0.156995,0.0514585,0.195254,0.183854,0.294171
108,0.118956,0.157595,0.0503785,0.192314,0.181895,0.298851
109,0.120576,0.156775,0.0510585,0.196254,0.180775,0.294551
110,0.120876,0.157515,0.0501385,0.192354,0.184214,0.294891
111,0.121076,0.156735,0.0521984,0.192454,0.185294,0.292231
112,0.120436,0.155755,0.0506185,0.194074,0.182355,0.296751
113,0.118236,0.159715,0.0498585,0.194074,0.183494,0.294611
114,0.119536,0.159135,0.0496985,0.193114,0.181775,0.296731
115,0.118956,0.160815,0.0508985,0.195574,0.178875,0.294871
116,0.117796,0.157795,0.0518584,0.194034,0.181175,0.297331
117,0.119296,0.155855,0.0525984,0.196314,0.183934,0.291991
118,0.120256,0.153435,0.0507385,0.195554,0.185814,0.294191
119,0.118596,0.155435,0.0518184,0.193854,0.182915,0.297371
120,0.118876,0.152715,0.0503785,0.195114,0.184674,0.298231
121,0.118016,0.153635,0.0496785,0.197694,0.182455,0.298511
122,0.118336,0.155775,0.0490185,0.192594,0.185274,0.298991
123,0.116756,0.155355,0.0501585,0.193214,0.185834,0.298671
124,0.118176,0.153135,0.0503985,0.190894,0.185314,0.302071
125,0.117816,0.151855,0.0504985,0.192014,0.186314,0.301491
126,0.119276,0.154435,0.0514585,0.190854,0.187714,0.296251
127,0.118156,0.153535,0.0488785,0.193794,0.188294,0.297331
128,0.118536,0.152795,0.0481986,0.188954,0.191374,0.300131
129,0.118476,0.154895,0.0492585,0.189954,0.190674,0.296731
130,0.118176,0.150935,0.0473386,0.192014,0.190934,0.300591
131,0.118516,0.151395,0.0498985,0.191534,0.188734,0.299911
132,0.117276,0.155175,0.0491585,0.187514,0.190354,0.300511
133,0.118476,0.156675,0.0489785,0.190354,0.190254,0.295251
134,0.118436,0.152955,0.0496585,0.190634,0.193334,0.294971
135,0.121116,0.149896,0.0497585,0.190774,0.189934,0.298511
136,0.120396,0.152455,0.0486585,0.194234,0.187214,0.297031
137,0.119296,0.150635,0.0503785,0.191534,0.190434,0.297711
138,0.118616,0.149996,0.0496185,0.189974,0.190854,0.300931
139,0.116856,0.150735,0.0487585,0.189574,0.189654,0.304411
140,0.121896,0.148496,0.0479386,0.191454,0.190334,0.299871
141,0.118616,0.149116,0.0501385,0.191054,0.190754,0.300311
142,0.117236,0.150355,0.0487185,0.193154,0.190474,0.300051
143,0.117196,0.150755,0.0475986,0.192934,0.189014,0.302491
144,0.118636,0.149436,0.0488385,0.190154,0.188954,0.303971
145,0.120696,0.150415,0.0481786,0.188794,0.190594,0.301311
146,0.119596,0.149696,0.0492985,0.187894,0.192454,0.301051
147,0.120216,0.148356,0.0466186,0.189414,0.193294,0.302091
148,0.116637,0.150375,0.0451386,0.191714,0.192334,0.303791
149,0.120756,0.149456,0.0459786,0.186554,0.193654,0.303591
150,0.118396,0.150935,0.0452986,0.188614,0.193754,0.302991
151,0.118616,0.150475,0.0461586,0.188194,0.190414,0.306131
152,0.119116,0.150295,0.0468186,0.188014,0.193194,0.302551
153,0.118856,0.150835,0.0481186,0.186934,0.194134,0.301111
154,0.120316,0.152375,0.0456786,0.187914,0.193874,0.299831
155,0.119876,0.147916,0.0468186,0.191194,0.192814,0.301371
156,0.118976,0.148276,0.0479586,0.189214,0.193134,0.302431
157,0.119556,0.150435,0.0475386,0.191054,0.188534,0.302871
158,0.120076,0.149316,0.0488785,0.190354,0.190634,0.300731
159,0.122376,0.150475,0.0466186,0.186774,0.192994,0.300751
160,0.122716,0.151195,0.0460786,0.189894,0.186694,0.303411
161,0.119756,0.152735,0.0465786,0.190374,0.188354,0.302191
162,0.118536,0.151935,0.0475186,0.188494,0.191674,0.301831
163,0.120216,0.151435,0.0474186,0.188554,0.190274,0.302091
164,0.122356,0.152115,0.0480986,0.190834,0.186354,0.300231
165,0.120456,0.148616,0.0477386,0.191554,0.188074,0.303551
166,0.121876,0.149616,0.0469186,0.190874,0.187514,0.303191
167,0.120516,0.150295,0.0477186,0.186954,0.189874,0.304631
168,0.119816,0.152095,0.0490985,0.186174,0.187774,0.305031
169,0.119836,0.149456,0.0477786,0.190154,0.187934,0.304831
170,0.119696,0.152375,0.0485185,0.187414,0.190034,0.301951
171,0.120036,0.150955,0.0475986,0.188334,0.188534,0.304531
172,0.119656,0.152955,0.0470386,0.186894,0.191854,0.301591
173,0.120316,0.150015,0.0462386,0.187634,0.193934,0.301851
174,0.121376,0.152975,0.0482386,0.187434,0.190134,0.299831
175,0.121376,0.149976,0.0463986,0.191254,0.190514,0.300471
176,0.121856,0.150155,0.0468586,0.192394,0.187194,0.301531
177,0.122916,0.149216,0.0455186,0.191674,0.186854,0.303811
178,0.119576,0.149156,0.0473986,0.190194,0.190674,0.302991
179,0.121916,0.148356,0.0458386,0.187374,0.195594,0.300911
180,0.120436,0.150275,0.0458786,0.188894,0.194074,0.300431
181,0.120496,0.151435,0.0455986,0.187994,0.192794,0.301671
182,0.121216,0.148736,0.0467586,0.187794,0.192134,0.303351
183,0.120156,0.150575,0.0458586,0.188894,0.190734,0.303771
184,0.120656,0.148456,0.0465386,0.189294,0.192854,0.302191
185,0.119376,0.151535,0.0463186,0.191014,0.190914,0.300831
186,0.118376,0.152035,0.0471386,0.189074,0.192014,0.301351
187,0.121136,0.147936,0.0473586,0.190274,0.189594,0.303691
188,0.117436,0.150275,0.0480786,0.189574,0.193394,0.301231
189,0.120196,0.150895,0.0467986,0.192254,0.189754,0.300091
190,0.120136,0.150035,0.0455586,0.190054,0.188234,0.305971
191,0.121456,0.149836,0.0464386,0.191014,0.188734,0.302511
192,0.120016,0.148536,0.0466586,0.188274,0.194254,0.302251
193,0.120496,0.147976,0.0487185,0.189874,0.191034,0.301891
194,0.119536,0.150055,0.0462386,0.191934,0.192374,0.299851
195,0.117296,0.149316,0.0478986,0.189794,0.190454,0.305231
196,0.118156,0.149556,0.0469986,0.187234,0.193694,0.304351
197,0.117816,0.152575,0.0462586,0.188254,0.191754,0.303331
198,0.119996,0.151135,0.0464186,0.187554,0.195094,0.299791
199,0.121296,0.147196,0.0457986,0.188054,0.192354,0.305291
200,0.119376,0.147196,0.0456186,0.188574,0.190734,0.308491
201,0.121356,0.145416,0.0466986,0.188594,0.191634,0.306291
202,0.120436,0.147616,0.0460786,0.186954,0.196794,0.302111
203,0.120816,0.149196,0.0458986,0.186754,0.194994,0.302331
204,0.122076,0.147756,0.0470786,0.188854,0.194274,0.299951
205,0.120556,0.148516,0.0471186,0.187974,0.195514,0.300311
206,0.120176,0.147856,0.0456386,0.190074,0.193934,0.302311
207,0.118856,0.151015,0.0451186,0.192294,0.190894,0.301811
208,0.121956,0.148516,0.0462186,0.190294,0.190294,0.302711
209,0.118276,0.148316,0.0461586,0.192374,0.191914,0.302951
210,0.121956,0.147596,0.0466786,0.193394,0.191334,0.299031
211,0.120716,0.148076,0.0475986,0.190394,0.193834,0.299371
212,0.120496,0.150775,0.0464386,0.189854,0.193554,0.298871
213,0.119756,0.152875,0.0481986,0.188154,0.190514,0.300491
214,0.121556,0.152015,0.0468386,0.193534,0.188954,0.297091
215,0.121896,0.149616,0.0489185,0.186674,0.190214,0.302671
216,0.122476,0.150115,0.0475986,0.191094,0.190514,0.298191
217,0.121296,0.150515,0.0486185,0.190554,0.189174,0.299831
218,0.121596,0.150935,0.0476386,0.190374,0.189254,0.300191
219,0.120536,0.149676,0.0481786,0.188774,0.192414,0.300411
220,0.119416,0.150475,0.0474586,0.192054,0.188294,0.302291
221,0.117956,0.151795,0.0490385,0.186654,0.189974,0.304571
222,0.118936,0.152415,0.0468986,0.189094,0.192714,0.299931
223,0.120256,0.152715,0.0466586,0.189154,0.191454,0.299751
224,0.119696,0.150955,0.0476386,0.194274,0.189474,0.297951
225,0.121616,0.153015,0.0470386,0.190374,0.190594,0.297351
226,0.120156,0.150375,0.0478186,0.191954,0.192954,0.296731
227,0.120936,0.152075,0.0479586,0.189614,0.190774,0.298631
228,0.118896,0.151595,0.0476786,0.191114,0.192314,0.298391
229,0.119356,0.151455,0.0485185,0.190294,0.191634,0.298731
230,0.120116,0.151095,0.0474586,0.188354,0.193294,0.299671
231,0.121256,0.152135,0.0481786,0.190814,0.189174,0.298431
232,0.123016,0.148696,0.0466586,0.192574,0.189554,0.299491
233,0.120616,0.150295,0.0481786,0.186574,0.191194,0.303131
234,0.119456,0.149136,0.0484385,0.187834,0.192094,0.303031
235,0.117776,0.150695,0.0469386,0.189394,0.188954,0.306231
236,0.119376,0.150655,0.0468586,0.191734,0.189894,0.301471
237,0.118816,0.150435,0.0455786,0.192954,0.188554,0.303651
238,0.120416,0.151555,0.0467186,0.192314,0.188934,0.300051
239,0.120296,0.149536,0.0459386,0.192334,0.190914,0.300971
240,0.117416,0.154475,0.0477586,0.191734,0.191974,0.296631
241,0.118096,0.150495,0.0473786,0.191394,0.189994,0.302631
242,0.116756,0.151395,0.0487785,0.192674,0.192414,0.297971
243,0.117396,0.150495,0.0480786,0.194214,0.189474,0.300331
244,0.114837,0.152455,0.0492185,0.194874,0.189634,0.298971
245,0.116037,0.151155,0.0491185,0.192114,0.188614,0.302951
246,0.116936,0.150675,0.0493985,0.193114,0.190714,0.299151
247,0.115157,0.150855,0.0508785,0.191634,0.190094,0.301371
248,0.117596,0.151475,0.0491985,0.194114,0.187194,0.300411
249,0.115997,0.151495,0.0502385,0.194394,0.189354,0.298511
250,0.118616,0.151195,0.0498985,0.193434,0.186674,0.300171
251,0.115957,0.152895,0.0495985,0.193474,0.191094,0.296971
252,0.119856,0.150135,0.0489185,0.193534,0.189254,0.298291
253,0.117456,0.154995,0.0484785,0.193414,0.189294,0.296351
254,0.117676,0.151615,0.0480786,0.193654,0.190114,0.298851
255,0.119236,0.151775,0.0486185,0.194394,0.188694,0.297271
256,0.118336,0.153235,0.0505985,0.192834,0.187814,0.297171
257,0.120856,0.152775,0.0490185,0.190934,0.190774,0.295631
258,0.119436,0.153595,0.0476586,0.192634,0.191614,0.295051
259,0.117856,0.153235,0.0483585,0.194614,0.189634,0.296291
260,0.117336,0.151955,0.0497985,0.190634,0.190934,0.299331
261,0.115797,0.152035,0.0489185,0.190554,0.190554,0.302131
262,0.116776,0.150615,0.0485985,0.192494,0.192254,0.299251
263,0.116397,0.153315,0.0477586,0.192454,0.187214,0.302851
264,0.118736,0.151675,0.0472586,0.192054,0.191314,0.298951
265,0.119216,0.149676,0.0488785,0.193034,0.187394,0.301791
266,0.119096,0.149156,0.0476186,0.192594,0.190174,0.301351
267,0.116936,0.151415,0.0483585,0.192474,0.193194,0.297611
268,0.116996,0.152615,0.0466586,0.195034,0.191234,0.297451
269,0.116617,0.150495,0.0471786,0.194754,0.189794,0.301151
270,0.118396,0.150135,0.0491985,0.194574,0.191154,0.296531
271,0.116337,0.151275,0.0488985,0.197114,0.189814,0.296551
272,0.117316,0.150075,0.0484185,0.195574,0.188814,0.299791
273,0.116716,0.151535,0.0495185,0.194414,0.188354,0.299451
274,0.115837,0.151635,0.0494585,0.194274,0.193114,0.295671
275,0.117516,0.152835,0.0501185,0.190594,0.189994,0.298931
276,0.116557,0.153295,0.0492785,0.192554,0.189314,0.298991
277,0.116217,0.153435,0.0486185,0.192534,0.189654,0.299531
278,0.116816,0.153635,0.0489385,0.193554,0.189094,0.297951
279,0.118216,0.151595,0.0492985,0.192914,0.190374,0.297591
280,0.115857,0.154615,0.0491585,0.191294,0.189834,0.299231
281,0.115037,0.150855,0.0501785,0.192354,0.190894,0.300671
282,0.116916,0.151295,0.0497385,0.194554,0.191374,0.296111
283,0.115957,0.152835,0.0507385,0.193734,0.191354,0.295371
284,0.117516,0.151215,0.0505585,0.193714,0.190894,0.296091
285,0.115677,0.152315,0.0493185,0.193714,0.191934,0.297031
286,0.114377,0.154915,0.0492385,0.190954,0.195254,0.295251
287,0.117216,0.153035,0.0501585,0.191674,0.191074,0.296831
288,0.117476,0.149816,0.0488785,0.192414,0.190894,0.300511
289,0.116057,0.151215,0.0503385,0.191514,0.192514,0.298351
290,0.116157,0.153315,0.0482186,0.193534,0.189694,0.299071
291,0.115437,0.153015,0.0483785,0.191554,0.191674,0.299931
292,0.114137,0.148316,0.0481386,0.195754,0.192774,0.300871
293,0.114357,0.149596,0.0489985,0.194654,0.190554,0.301831
294,0.113677,0.151375,0.0492185,0.192814,0.191314,0.301591
295,0.115797,0.148236,0.0474586,0.193594,0.196354,0.298551
296,0.117316,0.148596,0.0478786,0.192294,0.195114,0.298791
297,0.117936,0.150795,0.0466986,0.191134,0.191514,0.301911
298,0.117616,0.151075,0.0483785,0.189674,0.193214,0.300031
299,0.118296,0.149696,0.0473386,0.191534,0.191154,0.301971
300,0.116996,0.150615,0.0467386,0.191134,0.193934,0.300571
301,0.115877,0.148856,0.0471386,0.191114,0.193854,0.303151
302,0.118536,0.149076,0.0457586,0.189874,0.193434,0.303311
303,0.117996,0.147676,0.0463586,0.191874,0.195254,0.300831
304,0.118216,0.149396,0.0468986,0.189654,0.192694,0.303131
305,0.118576,0.150775,0.0476986,0.190894,0.192614,0.299431
306,0.118036,0.150375,0.0458186,0.192614,0.190534,0.302611
307,0.118836,0.149496,0.0473386,0.189474,0.191694,0.303151
308,0.119396,0.147496,0.0484385,0.189254,0.191294,0.304111
309,0.116637,0.149316,0.0475786,0.189554,0.192154,0.304751
310,0.116936,0.148136,0.0475186,0.191154,0.192854,0.303391
311,0.117836,0.149996,0.0482586,0.188694,0.191574,0.303631
312,0.118376,0.147836,0.0454786,0.191574,0.194514,0.302211
313,0.118476,0.149316,0.0466586,0.193474,0.193134,0.298931
314,0.118796,0.151195,0.0470586,0.186294,0.193794,0.302851
315,0.119636,0.147356,0.0452786,0.188074,0.195494,0.304151
316,0.121656,0.148536,0.0470386,0.186814,0.192514,0.303431
317,0.120876,0.149316,0.0447187,0.188774,0.198574,0.297731
318,0.121656,0.149476,0.0462786,0.187794,0.196234,0.298551
319,0.119916,0.148396,0.0471786,0.185134,0.196094,0.303271
320,0.119076,0.147556,0.0471786,0.189494,0.192054,0.304631
321,0.121496,0.150875,0.0457586,0.186414,0.194254,0.301191
322,0.119216,0.148776,0.0451786,0.186314,0.192874,0.307631
323,0.120876,0.148096,0.0460186,0.189754,0.193634,0.301611
324,0.121716,0.146676,0.0459986,0.189214,0.190934,0.305451
325,0.122496,0.148076,0.0454586,0.191714,0.190934,0.301311
326,0.118656,0.151275,0.0459786,0.187534,0.196434,0.300111
327,0.117996,0.149996,0.0455786,0.191554,0.192034,0.302831
328,0.119236,0.147716,0.0453586,0.193454,0.191774,0.302451
329,0.117076,0.147496,0.0467986,0.194654,0.192394,0.301571
330,0.118156,0.148476,0.0470986,0.192254,0.193874,0.300131
331,0.118836,0.148816,0.0462386,0.190794,0.192334,0.302971
332,0.117196,0.151855,0.0474586,0.190454,0.193514,0.299511
333,0.117596,0.150815,0.0464586,0.190094,0.193734,0.301291
334,0.118116,0.150115,0.0453386,0.189094,0.195894,0.301431
335,0.115157,0.148896,0.0460186,0.189494,0.193474,0.306951
336,0.118236,0.148836,0.0471386,0.188274,0.196174,0.301331
337,0.117236,0.148896,0.0460786,0.190774,0.196134,0.300871
338,0.116996,0.147436,0.0444787,0.194134,0.195354,0.301591
339,0.114757,0.148236,0.0462386,0.193074,0.196354,0.301331
340,0.115177,0.147356,0.0469786,0.189874,0.198134,0.302471
341,0.116637,0.147196,0.0475386,0.189714,0.199194,0.299711
342,0.116357,0.146616,0.0478986,0.190414,0.195174,0.303531
343,0.119536,0.148036,0.0464786,0.190554,0.195414,0.299971
344,0.119176,0.148416,0.0473786,0.191574,0.193754,0.299691
345,0.117116,0.147776,0.0447387,0.191254,0.195014,0.304091
346,0.119316,0.147036,0.0440787,0.194034,0.194054,0.301471
347,0.117856,0.147016,0.0433387,0.191694,0.194234,0.305851
348,0.117516,0.149216,0.0454386,0.189454,0.195214,0.303151
349,0.118056,0.149796,0.0459986,0.187954,0.191954,0.306231
350,0.117476,0.149796,0.0466986,0.185774,0.194374,0.305871
351,0.116097,0.149876,0.0451786,0.187874,0.192594,0.308371
352,0.117516,0.147136,0.0465186,0.190394,0.195194,0.303231
353,0.117636,0.147976,0.0470986,0.188934,0.193334,0.305011
354,0.116477,0.150495,0.0447987,0.188554,0.194914,0.304751
355,0.121756,0.147456,0.0448987,0.186294,0.195394,0.304191
356,0.119196,0.144436,0.0458186,0.188554,0.197654,0.304331
357,0.118156,0.145036,0.0453186,0.191014,0.195714,0.304751
358,0.118636,0.147256,0.0445387,0.191794,0.192514,0.305251
359,0.120056,0.146736,0.0449187,0.191114,0.194734,0.302431
360,0.118616,0.147456,0.0446387,0.190114,0.194794,0.304371
361,0.120096,0.148876,0.0451786,0.186494,0.195234,0.304111
362,0.118636,0.146736,0.0454786,0.188174,0.195174,0.305791
363,0.120076,0.145376,0.0445187,0.195294,0.190334,0.304391
364,0.118136,0.150735,0.0459386,0.188154,0.193894,0.303131
365,0.118796,0.148596,0.0462386,0.189554,0.194314,0.302491
366,0.119076,0.150715,0.0468786,0.188474,0.193634,0.301211
367,0.120996,0.151175,0.0458586,0.189834,0.193754,0.298371
368,0.119536,0.148976,0.0473986,0.192594,0.187594,0.303891
369,0.120656,0.147896,0.0476986,0.190874,0.189514,0.303351
370,0.121216,0.150515,0.0473186,0.190434,0.188954,0.301551
371,0.118236,0.151675,0.0482386,0.189834,0.188134,0.303871
372,0.119616,0.150195,0.0467986,0.186014,0.192274,0.305091
373,0.118556,0.151075,0.0457786,0.188354,0.191634,0.304591
374,0.118156,0.149456,0.0469186,0.188994,0.190434,0.306031
375,0.119876,0.148676,0.0456386,0.189074,0.191674,0.305051
376,0.120016,0.146576,0.0477586,0.187874,0.193234,0.304531
377,0.121236,0.149356,0.0477586,0.187934,0.191154,0.302551
378,0.122156,0.148756,0.0469586,0.187934,0.192574,0.301611
379,0.119456,0.150635,0.0476586,0.187554,0.194454,0.300231
380,0.117216,0.149376,0.0468386,0.192494,0.192254,0.301811
381,0.119116,0.149276,0.0460786,0.187534,0.193794,0.304191
382,0.117336,0.149136,0.0469186,0.189814,0.192754,0.304031
383,0.119356,0.149316,0.0468986,0.188374,0.193554,0.302491
384,0.117936,0.148836,0.0451586,0.194454,0.191654,0.301951
385,0.119716,0.150575,0.0467186,0.188594,0.192574,0.301811
386,0.118616,0.149456,0.0453786,0.192494,0.193014,0.301031
387,0.118036,0.152095,0.0458586,0.192774,0.192474,0.298751
388,0.119136,0.151935,0.0449587,0.192854,0.191134,0.299971
389,0.118496,0.149296,0.0470586,0.192054,0.191074,0.302011
390,0.119236,0.151275,0.0477586,0.189314,0.193274,0.299131
391,0.120836,0.155015,0.0468786,0.186314,0.192414,0.298531
392,0.116097,0.152735,0.0471586,0.190274,0.189214,0.304511
393,0.119056,0.151095,0.0470986,0.193294,0.191174,0.298271
394,0.118396,0.150395,0.0471386,0.193174,0.191474,0.299411
395,0.119536,0.150495,0.0493785,0.190114,0.191334,0.299131
396,0.120156,0.149356,0.0489185,0.191494,0.190094,0.299971
397,0.117416,0.149676,0.0488785,0.190214,0.192914,0.300891
398,0.119996,0.150395,0.0471186,0.192774,0.191054,0.298651
399,0.117776,0.150435,0.0486385,0.193834,0.189074,0.300231
400,0.118976,0.151055,0.0479986,0.193154,0.185934,0.302871
401,0.120676,0.152495,0.0487985,0.191074,0.188574,0.298371
402,0.117776,0.150775,0.0499385,0.192374,0.191154,0.297971
403,0.116856,0.151275,0.0490585,0.196014,0.187434,0.299351
404,0.114617,0.151395,0.0481586,0.198354,0.188414,0.299051
405,0.116816,0.155695,0.0483985,0.194514,0.189494,0.295071
406,0.118236,0.152675,0.0498385,0.192914,0.190114,0.296211
407,0.117416,0.152675,0.0495985,0.194834,0.188474,0.296991
408,0.117616,0.153375,0.0499385,0.196814,0.188554,0.293691
409,0.118116,0.151675,0.0499385,0.192954,0.188614,0.298691
410,0.118036,0.153035,0.0484585,0.193274,0.187794,0.299391
411,0.116457,0.149956,0.0483585,0.195934,0.185194,0.304091
412,0.118556,0.151815,0.0489185,0.192654,0.186454,0.301591
413,0.116257,0.152055,0.0505385,0.193374,0.184534,0.303231
414,0.116756,0.154495,0.0485985,0.195314,0.188014,0.296811
415,0.117796,0.152535,0.0492985,0.193814,0.188534,0.298011
416,0.117196,0.154615,0.0496185,0.193934,0.188774,0.295851
417,0.116517,0.153615,0.0495585,0.192694,0.189154,0.298451
418,0.118036,0.155175,0.0486785,0.193434,0.187894,0.296771
419,0.119076,0.151815,0.0500985,0.191974,0.190254,0.296771
420,0.113657,0.151155,0.0513185,0.194374,0.189834,0.299651
421,0.117256,0.149736,0.0507585,0.193594,0.191554,0.297091
422,0.116017,0.150555,0.0500185,0.193894,0.191574,0.297931
423,0.116876,0.151455,0.0500985,0.195954,0.188614,0.296991
424,0.115137,0.153515,0.0484585,0.193954,0.192074,0.296851
425,0.114537,0.152335,0.0481586,0.196534,0.190794,0.297631
426,0.114477,0.155075,0.0480586,0.195894,0.189574,0.296911
427,0.115137,0.152995,0.0484585,0.197554,0.189994,0.295851
428,0.114617,0.151355,0.0509185,0.197634,0.189694,0.295771
429,0.114697,0.155215,0.0491785,0.195434,0.191174,0.294291
430,0.117936,0.152195,0.0491585,0.196354,0.192074,0.292271
431,0.113697,0.153235,0.0507185,0.193514,0.193334,0.295491
432,0.116297,0.151215,0.0513185,0.195694,0.192914,0.292551
433,0.113877,0.155075,0.0486185,0.190834,0.191834,0.299751
434,0.114817,0.152675,0.0504985,0.194314,0.189954,0.297731
435,0.115377,0.152315,0.0506585,0.194514,0.189054,0.298071
436,0.115197,0.152135,0.0490585,0.192834,0.192094,0.298671
437,0.118156,0.151675,0.0503185,0.194954,0.192334,0.292551
438,0.117616,0.149776,0.0505385,0.196374,0.191894,0.293791
439,0.116197,0.150695,0.0505985,0.194094,0.189974,0.298431
440,0.116856,0.148556,0.0503985,0.193054,0.190714,0.300411
441,0.117716,0.151615,0.0500585,0.192114,0.191974,0.296511
442,0.115137,0.150675,0.0489585,0.196954,0.192874,0.295391
443,0.116177,0.151875,0.0485585,0.194794,0.189034,0.299551
444,0.118356,0.150375,0.0478186,0.195294,0.189854,0.298291
445,0.115837,0.152375,0.0492785,0.194034,0.189154,0.299311
446,0.118336,0.150855,0.0501785,0.190554,0.192934,0.297131
447,0.118896,0.149376,0.0505185,0.194354,0.190134,0.296711
448,0.116217,0.153075,0.0485785,0.194094,0.185874,0.302151
449,0.116836,0.151315,0.0497785,0.194314,0.189574,0.298171
450,0.118136,0.150375,0.0503185,0.192534,0.189554,0.299071
451,0.120836,0.150675,0.0500185,0.195754,0.188154,0.294551
452,0.118136,0.151895,0.0491385,0.196294,0.189134,0.295391
453,0.121116,0.150255,0.0506385,0.193574,0.191594,0.292811
454,0.121356,0.152855,0.0495785,0.193974,0.187474,0.294751
455,0.118856,0.151695,0.0483985,0.195474,0.188054,0.297511
456,0.117936,0.153715,0.0511185,0.191654,0.189774,0.295791
457,0.117876,0.151755,0.0500185,0.190494,0.190054,0.299791
458,0.114797,0.151655,0.0512185,0.191254,0.187394,0.303671
459,0.116776,0.150275,0.0505785,0.195954,0.188354,0.298051
460,0.116836,0.149636,0.0512385,0.192914,0.191114,0.298251
461,0.115997,0.149656,0.0490785,0.196214,0.187814,0.301231
462,0.116756,0.149996,0.0505985,0.190834,0.191434,0.300371
463,0.114917,0.150235,0.0495385,0.191654,0.193954,0.299691
464,0.114697,0.149096,0.0499985,0.188894,0.196094,0.301211
465,0.115197,0.151435,0.0472386,0.188174,0.195434,0.302511
466,0.115417,0.149056,0.0481986,0.195014,0.193334,0.298971
467,0.116317,0.148576,0.0496585,0.194154,0.193154,0.298131
468,0.117476,0.148596,0.0493585,0.192514,0.194734,0.297311
469,0.116557,0.150395,0.0486585,0.193654,0.193574,0.297151
470,0.116577,0.149056,0.0486385,0.192094,0.194654,0.298971
471,0.116457,0.148776,0.0499985,0.194514,0.191534,0.298711
472,0.114577,0.152835,0.0484985,0.195474,0.192014,0.296591
473,0.113777,0.150395,0.0474386,0.194034,0.193174,0.301171
474,0.115257,0.150995,0.0475786,0.194214,0.192074,0.299871
475,0.114697,0.153855,0.0489785,0.191434,0.193134,0.297891
476,0.116477,0.150035,0.0494985,0.195174,0.190534,0.298271
477,0.116457,0.151535,0.0492385,0.195214,0.191194,0.296351
478,0.114997,0.152295,0.0480386,0.191374,0.196954,0.296331
479,0.117056,0.150795,0.0494985,0.194314,0.189574,0.298751
480,0.115297,0.148616,0.0486985,0.194354,0.193594,0.299431
481,0.113717,0.150115,0.0489985,0.190494,0.195314,0.301351
482,0.114137,0.148416,0.0495785,0.193734,0.192514,0.301611
483,0.115697,0.149216,0.0501985,0.193854,0.194434,0.296591
484,0.116097,0.149456,0.0491785,0.196414,0.196254,0.292591
485,0.115937,0.153255,0.0503585,0.192374,0.195054,0.293011
486,0.114257,0.148736,0.0496185,0.193734,0.194994,0.298651
487,0.113977,0.149356,0.0493385,0.193094,0.196874,0.297351
488,0.111537,0.152015,0.0497385,0.194374,0.194714,0.297611
489,0.116457,0.148836,0.0493185,0.195734,0.194634,0.295011
490,0.115197,0.150195,0.0482386,0.195174,0.195234,0.295951
491,0.114157,0.151395,0.0482986,0.198734,0.192214,0.295191
492,0.114197,0.147296,0.0480186,0.198934,0.193254,0.298291
493,0.113957,0.149636,0.0505185,0.196094,0.191374,0.298411
494,0.116457,0.148476,0.0476986,0.192234,0.194354,0.300771
495,0.118096,0.146796,0.0491785,0.190974,0.189754,0.305191
496,0.115797,0.148716,0.0473786,0.190934,0.191854,0.305311
497,0.117296,0.147176,0.0490985,0.192814,0.192034,0.301571
498,0.119536,0.147836,0.0492385,0.195394,0.192434,0.295551
499,0.117196,0.147176,0.0485385,0.193814,0.194074,0.299191
500,0.115757,0.151755,0.0488585,0.194114,0.193214,0.296291
501,0.118456,0.150695,0.0477986,0.195574,0.192874,0.294591
502,0.116796,0.149776,0.0476386,0.194974,0.189014,0.301791
503,0.115357,0.149596,0.0480586,0.193234,0.189874,0.303871
504,0.116097,0.153675,0.0487985,0.191894,0.189634,0.299891
505,0.120356,0.147996,0.0494985,0.190814,0.193414,0.297911
506,0.120316,0.148676,0.0479186,0.193794,0.190894,0.298391
507,0.118776,0.150475,0.0487585,0.195814,0.191774,0.294391
508,0.115817,0.149656,0.0493385,0.196934,0.189334,0.298911
509,0.118616,0.151935,0.0481586,0.195794,0.190454,0.295031
510,0.119576,0.148756,0.0496185,0.192694,0.191294,0.298051
511,0.119616,0.150755,0.0491585,0.193454,0.188854,0.298151
512,0.117156,0.150935,0.0475386,0.195774,0.190674,0.297911
513,0.118936,0.149576,0.0484385,0.191494,0.191334,0.300211
514,0.117996,0.150395,0.0485585,0.194314,0.191934,0.296791
515,0.119636,0.149016,0.0487185,0.191254,0.191734,0.299631
516,0.117276,0.151815,0.0477986,0.191654,0.192274,0.299171
517,0.116117,0.153715,0.0483985,0.192074,0.189254,0.300431
518,0.117996,0.151935,0.0485785,0.194534,0.191034,0.295911
519,0.118396,0.152275,0.0501985,0.194174,0.190314,0.294631
520,0.117316,0.151995,0.0496585,0.193514,0.191014,0.296491
521,0.114677,0.152135,0.0484385,0.194774,0.192114,0.297851
522,0.116736,0.151555,0.0498785,0.190974,0.192654,0.298191
523,0.117556,0.148136,0.0499385,0.195134,0.189414,0.299811
524,0.116537,0.153895,0.0487385,0.194214,0.189574,0.297031
525,0.115277,0.151355,0.0486585,0.194654,0.190534,0.299511
526,0.118676,0.151575,0.0502985,0.191234,0.191234,0.296971
527,0.116077,0.150095,0.0500785,0.194754,0.188454,0.300531
528,0.117336,0.148616,0.0501185,0.196554,0.189174,0.298191
529,0.118556,0.152135,0.0498185,0.190354,0.193514,0.295611
530,0.116377,0.152195,0.0485785,0.193574,0.192234,0.297031
531,0.117076,0.151675,0.0478986,0.192274,0.193614,0.297451
532,0.117816,0.153775,0.0488985,0.191974,0.189874,0.297651
533,0.117316,0.151975,0.0485985,0.193474,0.194714,0.293911
534,0.118196,0.151075,0.0478786,0.192194,0.194314,0.296331
535,0.118756,0.149276,0.0473186,0.194134,0.193834,0.296671
536,0.115297,0.151475,0.0474586,0.190454,0.194994,0.300311
537,0.113897,0.149856,0.0477586,0.192314,0.191354,0.304811
538,0.114237,0.149676,0.0465186,0.192814,0.192734,0.304011
539,0.112957,0.147736,0.0483186,0.193574,0.192354,0.305051
540,0.117016,0.146356,0.0480386,0.192974,0.191314,0.304291
541,0.115957,0.148516,0.0461586,0.191454,0.196234,0.301671
542,0.114297,0.149276,0.0465586,0.191154,0.196854,0.301851
543,0.112657,0.151135,0.0470186,0.190894,0.195914,0.302371
544,0.115637,0.145856,0.0467186,0.190494,0.193494,0.307791
545,0.117876,0.146616,0.0465586,0.192334,0.194534,0.302071
546,0.116657,0.147856,0.0473786,0.190894,0.195334,0.301871
547,0.114277,0.148976,0.0472986,0.188454,0.197154,0.303831
548,0.115857,0.149696,0.0439387,0.189234,0.197134,0.304131
549,0.115677,0.148936,0.0465586,0.190854,0.195174,0.302791
550,0.116816,0.145556,0.0471186,0.191514,0.195914,0.303071
551,0.115937,0.149056,0.0471986,0.191994,0.196794,0.299011
552,0.115437,0.148436,0.0481186,0.191714,0.198074,0.298211
553,0.115517,0.148076,0.0460586,0.192414,0.196954,0.300971
554,0.115257,0.145556,0.0460786,0.195494,0.195174,0.302431
555,0.114377,0.149416,0.0465986,0.194014,0.194734,0.300851
556,0.115697,0.148216,0.0458786,0.192914,0.194714,0.302571
557,0.112177,0.150775,0.0473586,0.194894,0.194974,0.299811
558,0.114797,0.149856,0.0469986,0.191554,0.195354,0.301431
559,0.117216,0.148796,0.0465986,0.191494,0.196314,0.299571
560,0.114597,0.148276,0.0463386,0.193474,0.196014,0.301291
561,0.119496,0.146336,0.0463586,0.189274,0.196434,0.302091
562,0.116177,0.148356,0.0468986,0.190114,0.195794,0.302651
563,0.115817,0.150535,0.0479386,0.189274,0.194334,0.302091
564,0.116916,0.149316,0.0480386,0.188734,0.194554,0.302431
565,0.116796,0.152595,0.0457586,0.191994,0.193714,0.299131
566,0.117316,0.151975,0.0476786,0.188874,0.195454,0.298691
567,0.117136,0.148876,0.0476186,0.189954,0.193554,0.302851
568,0.116177,0.151955,0.0466186,0.189234,0.192774,0.303231
569,0.115477,0.151115,0.0466586,0.190814,0.191814,0.304111
570,0.119436,0.149176,0.0483186,0.190394,0.194774,0.297891
571,0.117296,0.149656,0.0473986,0.193194,0.194474,0.297971
572,0.114857,0.150115,0.0469586,0.192274,0.191174,0.304611
573,0.118016,0.148736,0.0481586,0.190594,0.195374,0.299111
574,0.116776,0.151155,0.0476986,0.190194,0.196054,0.298111
575,0.116197,0.150215,0.0478186,0.189014,0.196234,0.300511
576,0.116617,0.150755,0.0478186,0.195594,0.192214,0.296991
577,0.116197,0.150275,0.0474386,0.193894,0.194414,0.297771
578,0.116597,0.151175,0.0482186,0.194014,0.192734,0.297251
579,0.115577,0.146516,0.0495985,0.191694,0.194774,0.301831
580,0.115217,0.149676,0.0476786,0.191434,0.196974,0.299011
581,0.116217,0.151255,0.0474186,0.192234,0.196894,0.295971
582,0.115157,0.148556,0.0479986,0.194674,0.194434,0.299171
583,0.114257,0.148976,0.0489585,0.192054,0.196654,0.299091
584,0.114397,0.149296,0.0488185,0.192554,0.195294,0.299631
585,0.115377,0.147976,0.0476786,0.191154,0.194554,0.303251
586,0.118276,0.149716,0.0473986,0.195674,0.192754,0.296171
587,0.116377,0.151135,0.0480586,0.194234,0.193974,0.296211
588,0.116876,0.150135,0.0481186,0.194994,0.192634,0.297231
589,0.114697,0.148176,0.0477786,0.196554,0.193794,0.298991
590,0.114177,0.148656,0.0487385,0.196754,0.191894,0.299771
591,0.117336,0.148736,0.0475586,0.194034,0.193814,0.298511
592,0.114137,0.147576,0.0492585,0.197394,0.191574,0.300051
593,0.113677,0.149016,0.0479186,0.197094,0.194914,0.297371
594,0.113497,0.151235,0.0479386,0.198054,0.192794,0.296471
595,0.114097,0.148276,0.0506185,0.196294,0.194394,0.296311
596,0.112917,0.150855,0.0505785,0.194694,0.194414,0.296531
597,0.113417,0.150195,0.0500185,0.196854,0.193894,0.295611
598,0.112697,0.150615,0.0497785,0.200614,0.193394,0.292891
599,0.115277,0.151495,0.0494785,0.197674,0.192814,0.293251
600,0.114977,0.151595,0.0499185,0.198574,0.191314,0.293611
601,0.114317,0.151175,0.0497385,0.196534,0.194134,0.294091
602,0.111877,0.149896,0.0508585,0.198154,0.193494,0.295711
603,0.110377,0.150915,0.0508385,0.196934,0.191214,0.299711
604,0.111997,0.149136,0.0500185,0.201874,0.191714,0.295251
605,0.113937,0.151715,0.0501585,0.198454,0.191954,0.293771
606,0.114337,0.151455,0.0503185,0.199574,0.192074,0.292231
607,0.111717,0.151955,0.0514185,0.197434,0.192634,0.294831
608,0.113017,0.151775,0.0500185,0.198374,0.192554,0.294251
609,0.112157,0.149676,0.0522784,0.198534,0.191414,0.295931
610,0.110597,0.152415,0.0520984,0.200414,0.188274,0.296191
611,0.111397,0.151875,0.0510985,0.200114,0.190254,0.295251
612,0.111657,0.154475,0.0512585,0.198574,0.193614,0.290411
613,0.115997,0.148096,0.0513385,0.202534,0.189714,0.292311
614,0.113537,0.149636,0.0508385,0.202874,0.192114,0.290991
615,0.113917,0.151435,0.0533184,0.197874,0.192734,0.290711
616,0.113397,0.152835,0.0529784,0.198274,0.194594,0.287911
617,0.113597,0.150655,0.0524784,0.199014,0.191994,0.292251
618,0.114617,0.150155,0.0519384,0.198754,0.193254,0.291271
619,0.112377,0.149556,0.0517184,0.198674,0.193474,0.294191
620,0.112257,0.150755,0.0511185,0.203034,0.189374,0.293451
621,0.111697,0.150575,0.0522984,0.197714,0.192034,0.295671
622,0.110557,0.148096,0.0523784,0.200194,0.191974,0.296791
623,0.112017,0.150975,0.0512985,0.198394,0.191674,0.295631
624,0.112337,0.154315,0.0503185,0.197074,0.194754,0.291191
625,0.111817,0.153315,0.0518584,0.197714,0.190434,0.294851
626,0.112417,0.154915,0.0516784,0.199094,0.192914,0.288971
627,0.110197,0.154155,0.0505585,0.201834,0.191514,0.291731
628,0.110957,0.151955,0.0519184,0.201054,0.190634,0.293471
629,0.112437,0.152975,0.0514585,0.199894,0.189814,0.293411
630,0.113577,0.151475,0.0517984,0.200254,0.191174,0.291711
631,0.111117,0.154115,0.0524184,0.198914,0.191234,0.292191
632,0.115417,0.152555,0.0516585,0.199334,0.189734,0.291291
633,0.112637,0.153395,0.0508185,0.197974,0.188354,0.296811
634,0.114377,0.153175,0.0515585,0.196394,0.187714,0.296771
635,0.116816,0.151595,0.0525184,0.196254,0.187874,0.294931
636,0.114317,0.152735,0.0509785,0.195314,0.188974,0.297671
637,0.115857,0.151675,0.0519784,0.196614,0.188214,0.295651
638,0.112217,0.153195,0.0524984,0.200474,0.186614,0.294991
639,0.113737,0.151455,0.0525584,0.202074,0.185034,0.295131
640,0.113177,0.150935,0.0539784,0.198254,0.188194,0.295451
641,0.114177,0.150575,0.0526184,0.198714,0.188994,0.294911
642,0.114837,0.151855,0.0519384,0.198794,0.189074,0.293491
643,0.113617,0.152795,0.0520584,0.199694,0.188614,0.293211
644,0.115917,0.152015,0.0516784,0.197794,0.190734,0.291851
645,0.112457,0.155275,0.0508585,0.199974,0.188394,0.293031
646,0.113837,0.156515,0.0510785,0.196754,0.189594,0.292211
647,0.114357,0.150775,0.0524784,0.198654,0.189174,0.294551
648,0.115657,0.153675,0.0513785,0.196734,0.186994,0.295551
649,0.114557,0.152095,0.0522384,0.197194,0.189814,0.294091
650,0.114177,0.155075,0.0507585,0.193914,0.191274,0.294791
651,0.115777,0.154115,0.0514985,0.198494,0.187094,0.293011
652,0.114517,0.153435,0.0504185,0.198534,0.190794,0.292291
653,0.113997,0.152795,0.0506985,0.196494,0.193514,0.292491
654,0.113477,0.151115,0.0514385,0.198454,0.191734,0.293771
655,0.112857,0.151615,0.0518584,0.197514,0.192094,0.294051
656,0.114277,0.153195,0.0518384,0.194614,0.191934,0.294131
657,0.112717,0.152835,0.0522584,0.196494,0.192734,0.292951
658,0.112817,0.152275,0.0518784,0.195134,0.191114,0.296771
659,0.115577,0.150875,0.0511785,0.199074,0.185974,0.297311
660,0.113797,0.151435,0.0523184,0.197594,0.189374,0.295471
661,0.114517,0.150375,0.0511385,0.198414,0.190034,0.295511
662,0.115157,0.151695,0.0526984,0.196514,0.190394,0.293531
663,0.111137,0.150015,0.0520384,0.201914,0.191494,0.293391
664,0.112937,0.149596,0.0513985,0.199354,0.189974,0.296731
665,0.111577,0.151795,0.0525984,0.197734,0.190494,0.295791
666,0.111777,0.152315,0.0511385,0.195754,0.192374,0.296631
667,0.113197,0.151495,0.0514985,0.197374,0.192434,0.293991
668,0.111757,0.151555,0.0521984,0.197254,0.191314,0.295911
669,0.115057,0.148596,0.0515985,0.195474,0.194974,0.294291
670,0.113937,0.150495,0.0520184,0.196194,0.194274,0.293071
671,0.111677,0.151475,0.0507185,0.199054,0.192354,0.294711
672,0.112357,0.149996,0.0511985,0.199614,0.192474,0.294351
673,0.111277,0.151795,0.0526184,0.195874,0.194234,0.294191
674,0.110297,0.152355,0.0510585,0.196814,0.194074,0.295391
675,0.112137,0.152035,0.0507985,0.195054,0.193714,0.296251
676,0.110457,0.151395,0.0525384,0.197594,0.191534,0.296471
677,0.110657,0.150115,0.0514585,0.202094,0.192234,0.293431
678,0.113257,0.150855,0.0494585,0.199194,0.194014,0.293211
679,0.112677,0.149436,0.0503985,0.198294,0.194054,0.295131
680,0.111817,0.151295,0.0492585,0.200494,0.194634,0.292491
681,0.113677,0.152995,0.0491385,0.196874,0.195554,0.291751
682,0.111817,0.154475,0.0499385,0.196854,0.195694,0.291211
683,0.110497,0.151115,0.0508985,0.200094,0.195554,0.291831
684,0.109297,0.149036,0.0511385,0.198934,0.196394,0.295191
685,0.111377,0.152255,0.0505185,0.198434,0.196934,0.290471
686,0.108277,0.154555,0.0508985,0.199194,0.196614,0.290451
687,0.110677,0.148736,0.0514185,0.198194,0.196514,0.294451
688,0.110397,0.150675,0.0525584,0.199834,0.194534,0.291991
689,0.112477,0.151635,0.0506185,0.200214,0.191894,0.293151
690,0.109737,0.149916,0.0499585,0.202034,0.194034,0.294311
691,0.109157,0.151135,0.0531184,0.196474,0.195094,0.295011
692,0.107237,0.149256,0.0527184,0.199774,0.196694,0.294311
693,0.108657,0.148836,0.0498985,0.200314,0.196334,0.295951
694,0.111777,0.151715,0.0492985,0.198514,0.197434,0.291251
695,0.111757,0.148736,0.0505585,0.198814,0.197014,0.293111
696,0.109737,0.151455,0.0508385,0.200454,0.192834,0.294671
697,0.106977,0.153375,0.0508185,0.201514,0.195694,0.291611
698,0.109877,0.149416,0.0540384,0.196454,0.196754,0.293451
699,0.108797,0.150675,0.0520784,0.200354,0.189694,0.298391
700,0.110257,0.149676,0.0528984,0.201054,0.194474,0.291631
701,0.108657,0.151915,0.0527784,0.200314,0.195654,0.290671
702,0.109637,0.151295,0.0520184,0.202874,0.192374,0.291791
703,0.111677,0.152275,0.0527584,0.197414,0.193294,0.292571
704,0.109717,0.152615,0.0528584,0.196714,0.192014,0.296071
705,0.109417,0.150835,0.0548584,0.197154,0.195654,0.292071
706,0.110337,0.152595,0.0509785,0.200954,0.193994,0.291131
707,0.111797,0.150795,0.0517384,0.199754,0.191954,0.293951
708,0.110197,0.149556,0.0528984,0.197474,0.196834,0.293031
709,0.111277,0.147856,0.0515985,0.199314,0.197434,0.292511
710,0.112437,0.150515,0.0523384,0.198574,0.197834,0.288291
711,0.109717,0.150815,0.0528984,0.199474,0.196454,0.290631
712,0.111157,0.153975,0.0507785,0.197374,0.196894,0.289811
713,0.109837,0.152215,0.0521784,0.197914,0.196734,0.291111
714,0.109777,0.150675,0.0512385,0.198534,0.192074,0.297691
715,0.109877,0.148956,0.0519984,0.199414,0.192234,0.297511
716,0.109297,0.151355,0.0506585,0.203134,0.192494,0.293051
717,0.111377,0.149876,0.0504985,0.200574,0.196314,0.291351
718,0.109917,0.149816,0.0519784,0.195854,0.195974,0.296451
719,0.109737,0.147036,0.0508185,0.199274,0.193214,0.299911
720,0.112937,0.150755,0.0493185,0.198154,0.192374,0.296451
721,0.111537,0.151715,0.0494585,0.196854,0.195374,0.295051
722,0.114637,0.148436,0.0509785,0.198174,0.194694,0.293071
723,0.111637,0.149176,0.0505785,0.194254,0.197314,0.297031
724,0.110857,0.151855,0.0512385,0.197794,0.189274,0.298971
725,0.111317,0.151655,0.0513585,0.195254,0.194994,0.295411
726,0.113197,0.147416,0.0518584,0.197654,0.191014,0.298851
727,0.113117,0.148936,0.0487385,0.195574,0.194234,0.299391
728,0.112437,0.150375,0.0488385,0.197314,0.194934,0.296091
729,0.115497,0.152575,0.0497185,0.191934,0.192294,0.297971
730,0.112997,0.150335,0.0505985,0.194714,0.190534,0.300811
731,0.114417,0.149976,0.0498785,0.198834,0.189394,0.297491
732,0.114177,0.149696,0.0507185,0.195134,0.190754,0.299511
733,0.114897,0.151395,0.0488785,0.195694,0.190394,0.298731
734,0.116137,0.149836,0.0495185,0.194654,0.189834,0.300011
735,0.115997,0.154615,0.0499185,0.193654,0.190074,0.295731
736,0.117016,0.155775,0.0491585,0.193154,0.190874,0.294011
737,0.117456,0.155155,0.0480986,0.194794,0.188914,0.295571
738,0.113877,0.155735,0.0487985,0.195834,0.189374,0.296371
739,0.111957,0.153895,0.0514785,0.192694,0.189094,0.300871
740,0.114537,0.150695,0.0504185,0.195374,0.189974,0.298991
741,0.116237,0.152215,0.0500585,0.197914,0.187494,0.296071
742,0.117016,0.151495,0.0504385,0.195494,0.187454,0.298091
743,0.114637,0.151675,0.0507985,0.195654,0.186174,0.301051
744,0.115797,0.154715,0.0497385,0.196834,0.191214,0.291691
745,0.113997,0.151275,0.0503185,0.196474,0.191114,0.296811
746,0.116896,0.152955,0.0499985,0.196274,0.189834,0.294031
747,0.115217,0.150875,0.0505585,0.198174,0.185954,0.299211
748,0.114737,0.153655,0.0517784,0.195254,0.189074,0.295491
749,0.114777,0.150275,0.0516984,0.194734,0.189934,0.298571
750,0.114597,0.152115,0.0509585,0.195034,0.190654,0.296631
751,0.114657,0.152675,0.0510585,0.194854,0.188654,0.298091
752,0.114797,0.151195,0.0511585,0.193234,0.192734,0.296871
753,0.115337,0.151315,0.0518784,0.192414,0.191314,0.297731
754,0.115437,0.154375,0.0514585,0.192674,0.190894,0.295151
755,0.114957,0.151715,0.0509785,0.192914,0.189554,0.299871
756,0.114897,0.155275,0.0500185,0.191594,0.191634,0.296571
757,0.115177,0.151455,0.0507385,0.194554,0.190674,0.297391
758,0.116517,0.151595,0.0498785,0.193494,0.190514,0.297991
759,0.114177,0.155195,0.0484585,0.194714,0.191214,0.296231
760,0.115457,0.152915,0.0507985,0.193054,0.191494,0.296271
761,0.116237,0.152035,0.0495385,0.193754,0.192854,0.295571
762,0.116257,0.151635,0.0489385,0.197174,0.192094,0.293891
763,0.116377,0.154075,0.0495785,0.195614,0.191934,0.292411
764,0.113037,0.154875,0.0498585,0.195574,0.190494,0.296151
765,0.114097,0.156235,0.0504585,0.196794,0.185994,0.296411
766,0.116197,0.153715,0.0503985,0.194394,0.186914,0.298371
767,0.116057,0.152135,0.0503185,0.192214,0.189334,0.299931
768,0.117296,0.151115,0.0519384,0.192814,0.189594,0.297231
769,0.118456,0.153075,0.0489985,0.192574,0.191234,0.295651
770,0.118996,0.154335,0.0491985,0.193614,0.187654,0.296191
771,0.119456,0.150795,0.0486385,0.192514,0.192254,0.296331
772,0.119096,0.149616,0.0482186,0.194314,0.186694,0.302051
773,0.117276,0.149276,0.0488785,0.194794,0.189594,0.300171
774,0.119916,0.149296,0.0484585,0.194654,0.188734,0.298931
775,0.120336,0.150935,0.0491585,0.193314,0.189354,0.296891
776,0.119216,0.151195,0.0495785,0.191374,0.191114,0.297511
777,0.117956,0.154255,0.0475386,0.192054,0.188254,0.299931
778,0.118416,0.149496,0.0476586,0.192694,0.189674,0.302051
779,0.116297,0.151135,0.0486385,0.192374,0.190514,0.301031
780,0.117696,0.150135,0.0491985,0.193714,0.187914,0.301331
781,0.117476,0.150595,0.0497185,0.193794,0.190394,0.298011
782,0.116756,0.152515,0.0469386,0.195454,0.192994,0.295331
783,0.115597,0.152615,0.0470986,0.198594,0.191934,0.294151
784,0.115177,0.153735,0.0459786,0.195094,0.190114,0.299891
785,0.114937,0.152295,0.0473386,0.191414,0.192494,0.301511
786,0.116017,0.151035,0.0467386,0.193034,0.188774,0.304391
787,0.117136,0.151395,0.0475786,0.190434,0.192194,0.301251
788,0.117116,0.151975,0.0464186,0.189614,0.193414,0.301451
789,0.118356,0.150115,0.0476586,0.189774,0.190934,0.303151
790,0.117696,0.150295,0.0458786,0.189154,0.192194,0.304771
791,0.119616,0.149756,0.0485785,0.191074,0.189654,0.301311
792,0.116836,0.152075,0.0481386,0.192994,0.189094,0.300851
793,0.117276,0.153375,0.0482186,0.189254,0.193434,0.298431
794,0.119676,0.148116,0.0498185,0.193014,0.191254,0.298111
795,0.117436,0.151335,0.0489985,0.193894,0.190694,0.297631
796,0.117436,0.151975,0.0489585,0.193774,0.188554,0.299291
797,0.116197,0.153755,0.0493185,0.192814,0.190534,0.297371
798,0.116277,0.151275,0.0497385,0.194974,0.188814,0.298911
799,0.118336,0.150315,0.0500385,0.196594,0.189074,0.295631
800,0.116117,0.152755,0.0508185,0.192034,0.191354,0.296911
801,0.115857,0.156015,0.0495985,0.194834,0.189634,0.294051
802,0.113017,0.152575,0.0487585,0.197414,0.190214,0.298011
803,0.115057,0.151475,0.0477186,0.196234,0.192814,0.296691
804,0.117396,0.150755,0.0492185,0.194674,0.191234,0.296711
805,0.114197,0.150775,0.0504985,0.193894,0.191914,0.298711
806,0.114237,0.152115,0.0486585,0.196494,0.189594,0.298891
807,0.114877,0.147296,0.0508785,0.196754,0.189434,0.300751
808,0.114397,0.149056,0.0502185,0.197514,0.190874,0.297931
809,0.115797,0.152695,0.0481386,0.195874,0.188974,0.298511
810,0.115897,0.153695,0.0494985,0.196514,0.193094,0.291291
811,0.114137,0.154795,0.0495785,0.195434,0.190214,0.295831
812,0.114297,0.154175,0.0494185,0.195694,0.189134,0.297271
813,0.115277,0.152495,0.0506985,0.197094,0.189414,0.295011
814,0.114477,0.154875,0.0521784,0.195014,0.188614,0.294831
815,0.115177,0.149436,0.0518984,0.196514,0.190874,0.296091
816,0.114057,0.151835,0.0488585,0.197154,0.193294,0.294791
817,0.113417,0.154575,0.0517584,0.196354,0.187774,0.296111
818,0.112957,0.153575,0.0513785,0.196974,0.187354,0.297751
819,0.116057,0.154215,0.0519384,0.196854,0.188334,0.292591
820,0.115677,0.152795,0.0503585,0.200534,0.187674,0.292951
821,0.116297,0.153835,0.0504385,0.193814,0.188154,0.297451
822,0.114577,0.153375,0.0528984,0.197154,0.188814,0.293171
823,0.113017,0.156435,0.0530784,0.193814,0.186814,0.296831
824,0.114717,0.153935,0.0525784,0.195894,0.186974,0.295891
825,0.114217,0.156695,0.0525184,0.196134,0.186354,0.294071
826,0.113097,0.157315,0.0520184,0.201474,0.186514,0.289571
827,0.112897,0.159335,0.0532784,0.199254,0.186014,0.289211
828,0.113057,0.156535,0.0538984,0.200094,0.186454,0.289951
829,0.111777,0.159135,0.0541184,0.199734,0.186794,0.288431
830,0.112817,0.156975,0.0535784,0.202554,0.186134,0.287931
831,0.115197,0.159695,0.0525984,0.199494,0.185894,0.287111
832,0.113697,0.156135,0.0545384,0.199614,0.185314,0.290691
833,0.113917,0.161095,0.0541784,0.199594,0.182735,0.288471
834,0.114557,0.156175,0.0541384,0.205014,0.183434,0.286671
835,0.114317,0.157915,0.0530784,0.202034,0.184034,0.288611
836,0.114197,0.160915,0.0529584,0.198994,0.183175,0.289751
837,0.116097,0.158875,0.0530984,0.199034,0.184254,0.288631
838,0.114957,0.158435,0.0537584,0.201254,0.180395,0.291191
839,0.116177,0.160235,0.0535184,0.199854,0.180235,0.289971
840,0.114517,0.160535,0.0535584,0.197634,0.186154,0.287591
841,0.115777,0.158935,0.0540184,0.198254,0.184414,0.288591
842,0.115237,0.157195,0.0541184,0.204914,0.182115,0.286411
843,0.114317,0.156875,0.0558383,0.203154,0.180435,0.289371
844,0.114557,0.159455,0.0540384,0.202214,0.183594,0.286131
845,0.114537,0.158215,0.0546784,0.201794,0.183954,0.286811
846,0.113797,0.157635,0.0531784,0.199934,0.183714,0.291731
847,0.113997,0.159875,0.0545584,0.201654,0.183175,0.286731
848,0.116217,0.158295,0.0527984,0.200854,0.182855,0.288971
849,0.114657,0.158235,0.0533984,0.200174,0.182395,0.291131
850,0.116696,0.160615,0.0542784,0.198354,0.185214,0.284831
851,0.116976,0.155795,0.0544384,0.199194,0.182595,0.290991
852,0.115657,0.156255,0.0552583,0.197154,0.180935,0.294731
853,0.114717,0.157695,0.0553783,0.197154,0.181295,0.293751
854,0.116597,0.158955,0.0546984,0.198854,0.182035,0.288851
855,0.114137,0.159955,0.0545784,0.196954,0.185954,0.288411
856,0.115117,0.159115,0.0558783,0.195834,0.183374,0.290671
857,0.115657,0.159515,0.0533584,0.198394,0.182835,0.290231
858,0.117396,0.157075,0.0552183,0.196874,0.181615,0.291811
859,0.118356,0.156475,0.0530984,0.197774,0.182275,0.292011
860,0.117496,0.159855,0.0528584,0.196854,0.179095,0.293831
861,0.118536,0.158895,0.0540584,0.195814,0.181535,0.291151
862,0.122476,0.159335,0.0530784,0.195454,0.179655,0.289991
863,0.118956,0.158815,0.0541584,0.195414,0.180515,0.292131
864,0.118896,0.160295,0.0519184,0.196274,0.178855,0.293751
865,0.120856,0.157795,0.0523184,0.196934,0.179115,0.292971
866,0.119916,0.159375,0.0542584,0.191154,0.185114,0.290171
867,0.119296,0.159275,0.0549984,0.192594,0.179615,0.294211
868,0.119056,0.159715,0.0533784,0.195334,0.179835,0.292671
869,0.121256,0.158635,0.0534784,0.195154,0.179815,0.291651
870,0.119556,0.160215,0.0512185,0.196594,0.177515,0.294891
871,0.117316,0.158155,0.0523984,0.197714,0.180555,0.293851
872,0.120736,0.159955,0.0527384,0.192754,0.178855,0.294951
873,0.118256,0.161055,0.0539984,0.195314,0.178075,0.293291
874,0.122416,0.159175,0.0532784,0.195374,0.179415,0.290331
875,0.118556,0.160435,0.0545784,0.194094,0.176735,0.295591
876,0.121156,0.163435,0.0531984,0.193134,0.176355,0.292711
877,0.120456,0.160955,0.0537784,0.191034,0.179635,0.294131
878,0.121736,0.160055,0.0525184,0.193494,0.179535,0.292651
879,0.122636,0.158595,0.0535384,0.194414,0.177515,0.293291
880,0.123676,0.158355,0.0523784,0.195054,0.177555,0.292971
881,0.123796,0.158775,0.0522184,0.195094,0.175955,0.294151
882,0.120396,0.159175,0.0528984,0.194294,0.179375,0.293851
883,0.121296,0.160955,0.0521984,0.196194,0.175915,0.293431
884,0.121416,0.160275,0.0521584,0.196074,0.178575,0.291491
885,0.121476,0.160675,0.0523784,0.194374,0.179375,0.291711
886,0.121196,0.159695,0.0536584,0.195494,0.178535,0.291411
887,0.120116,0.157855,0.0530584,0.193254,0.180455,0.295251
888,0.118376,0.158995,0.0526384,0.192854,0.179055,0.298071
889,0.117936,0.161795,0.0535384,0.192194,0.180895,0.293631
890,0.121496,0.159295,0.0542984,0.192854,0.181815,0.290231
891,0.120236,0.158375,0.0523384,0.197454,0.182115,0.289471
892,0.119476,0.158775,0.0526384,0.193994,0.179475,0.295631
893,0.120556,0.160515,0.0517384,0.192614,0.181395,0.293171
894,0.121656,0.160515,0.0525984,0.196254,0.177415,0.291551
895,0.121516,0.159555,0.0541384,0.193674,0.178355,0.292751
896,0.121556,0.160915,0.0541184,0.191354,0.177635,0.294411
897,0.122616,0.161335,0.0550383,0.192954,0.178135,0.289911
898,0.122036,0.160315,0.0541584,0.194194,0.176255,0.293031
899,0.123156,0.161715,0.0539384,0.194754,0.175995,0.290431
900,0.121016,0.160815,0.0534184,0.198854,0.174135,0.291751
901,0.121256,0.161095,0.0541584,0.196754,0.172035,0.294691
902,0.119276,0.161935,0.0535584,0.198514,0.173955,0.292751
903,0.119656,0.162555,0.0549184,0.196074,0.175615,0.291171
904,0.120236,0.162655,0.0546984,0.194254,0.178315,0.289831
905,0.120036,0.162775,0.0545584,0.196434,0.175155,0.291031
906,0.119616,0.162195,0.0561183,0.197474,0.173795,0.290791
907,0.118656,0.164215,0.0546784,0.196794,0.176135,0.289511
908,0.119676,0.163315,0.0546984,0.197574,0.173415,0.291311
909,0.119016,0.167395,0.0556583,0.192734,0.174675,0.290511
910,0.120056,0.160855,0.0551983,0.198234,0.176695,0.288951
911,0.119196,0.162635,0.0557983,0.198534,0.176535,0.287291
912,0.118916,0.162035,0.0566983,0.198854,0.176635,0.286851
913,0.117236,0.161535,0.0560183,0.199154,0.176875,0.289171
914,0.118556,0.164055,0.0559983,0.198914,0.179075,0.283391
915,0.118736,0.163755,0.0556583,0.201334,0.175795,0.284711
916,0.118316,0.160815,0.0556583,0.199234,0.175795,0.290171
917,0.117776,0.160255,0.0577783,0.198374,0.174455,0.291351
918,0.117196,0.163095,0.0561983,0.198094,0.176655,0.288751
919,0.119016,0.162275,0.0562383,0.199874,0.173595,0.288991
920,0.118316,0.161155,0.0572583,0.195994,0.179775,0.287491
921,0.118336,0.162275,0.0554983,0.198774,0.177315,0.287791
922,0.119256,0.164415,0.0544984,0.197494,0.176975,0.287351
923,0.119036,0.164595,0.0541984,0.197814,0.177115,0.287231
924,0.120556,0.161375,0.0565383,0.197454,0.176955,0.287111
925,0.119196,0.163435,0.0562783,0.198434,0.175775,0.286871
926,0.120356,0.161015,0.0558383,0.201054,0.176615,0.285111
927,0.119216,0.161155,0.0572183,0.201354,0.172535,0.288511
928,0.119396,0.160995,0.0557783,0.200274,0.173575,0.289971
929,0.119956,0.164595,0.0547784,0.201474,0.172095,0.287091
930,0.121416,0.164495,0.0568783,0.200374,0.172535,0.284291
931,0.120116,0.162495,0.0580983,0.200394,0.174595,0.284291
932,0.117596,0.165735,0.0567383,0.201634,0.173275,0.285011
933,0.117896,0.163755,0.0572783,0.199194,0.174035,0.287831
934,0.118416,0.165515,0.0587582,0.199414,0.173575,0.284311
935,0.119176,0.165195,0.0594982,0.200254,0.174035,0.281832
936,0.117976,0.163855,0.0578983,0.201694,0.174035,0.284531
937,0.118236,0.165255,0.0566583,0.201054,0.173675,0.285111
938,0.118716,0.162955,0.0579383,0.201134,0.173495,0.285751
939,0.119536,0.163535,0.0568783,0.200014,0.175175,0.284851
940,0.120376,0.165495,0.0553583,0.201094,0.173575,0.284091
941,0.116437,0.165375,0.0583183,0.200634,0.172975,0.286251
942,0.118756,0.164835,0.0570383,0.198614,0.174315,0.286431
943,0.117976,0.163835,0.0577583,0.202714,0.173495,0.284211
944,0.117416,0.165575,0.0568583,0.202054,0.171035,0.287051
945,0.115977,0.166635,0.0578583,0.203394,0.169855,0.286271
946,0.115377,0.166395,0.0571983,0.204594,0.171775,0.284651
947,0.117776,0.165915,0.0591782,0.204034,0.170735,0.282352
948,0.114937,0.170715,0.0583782,0.202154,0.169155,0.284651
949,0.115817,0.163535,0.0593182,0.206034,0.170815,0.284471
950,0.116996,0.169515,0.0582183,0.202374,0.169375,0.283511
951,0.118376,0.165495,0.0575983,0.204474,0.171255,0.282792
952,0.117416,0.166995,0.0587982,0.201334,0.170695,0.284751
953,0.118596,0.167575,0.0594982,0.198674,0.169695,0.285951
954,0.117556,0.164995,0.0610782,0.198694,0.171935,0.285731
955,0.118316,0.166255,0.0573783,0.199234,0.170175,0.288631
956,0.121196,0.165435,0.0592582,0.198094,0.172575,0.283431
957,0.120296,0.166695,0.0584782,0.198694,0.170815,0.285011
958,0.121556,0.168015,0.0584382,0.196574,0.170575,0.284831
959,0.120576,0.163275,0.0577783,0.199234,0.173335,0.285791
960,0.117136,0.167075,0.0589382,0.200774,0.171015,0.285051
961,0.117696,0.168295,0.0577983,0.198374,0.173895,0.283931
962,0.117396,0.166995,0.0568383,0.201614,0.172815,0.284331
963,0.116716,0.166455,0.0579383,0.198214,0.170275,0.290391
964,0.117256,0.164575,0.0589182,0.200514,0.173595,0.285131
965,0.115897,0.165855,0.0579783,0.200694,0.171935,0.287631
966,0.118796,0.164955,0.0585782,0.200974,0.169295,0.287391
967,0.119116,0.167395,0.0584982,0.200474,0.168995,0.285511
968,0.116017,0.168715,0.0570783,0.200794,0.171675,0.285711
969,0.117836,0.166355,0.0591782,0.199634,0.170355,0.286631
970,0.120416,0.169155,0.0589782,0.196074,0.171455,0.283911
971,0.118116,0.168415,0.0600582,0.197294,0.170755,0.285351
972,0.118756,0.168015,0.0580583,0.198354,0.170355,0.286451
973,0.119796,0.168055,0.0603582,0.200114,0.171295,0.280372
974,0.121176,0.167755,0.0590982,0.202094,0.166995,0.282872
975,0.120476,0.167055,0.0603582,0.196454,0.170855,0.284791
976,0.120616,0.166955,0.0599582,0.199914,0.168815,0.283731
977,0.118656,0.169895,0.0592982,0.198954,0.168635,0.284551
978,0.121376,0.167835,0.0584982,0.200594,0.168075,0.283611
979,0.118736,0.169815,0.0597182,0.198334,0.167955,0.285431
980,0.120356,0.169435,0.0613382,0.198194,0.167575,0.283092
981,0.121436,0.166895,0.0617781,0.200334,0.166755,0.282792
982,0.120956,0.167075,0.0602382,0.200154,0.166835,0.284731
983,0.120336,0.171415,0.0608982,0.199474,0.166795,0.281072
984,0.120016,0.171175,0.0595382,0.197854,0.167015,0.284391
985,0.119536,0.170615,0.0589782,0.199734,0.166075,0.285051
986,0.120576,0.170095,0.0589182,0.200234,0.165435,0.284731
987,0.119236,0.172635,0.0600982,0.197654,0.167215,0.283152
988,0.119896,0.173535,0.0593582,0.199574,0.166215,0.281412
989,0.122136,0.168875,0.0602182,0.202574,0.166215,0.279972
990,0.120876,0.169655,0.0608182,0.201954,0.167315,0.279372
991,0.119416,0.169755,0.0595582,0.201794,0.166835,0.282632
992,0.120076,0.168535,0.0601782,0.200274,0.167795,0.283132
993,0.120856,0.170035,0.0602382,0.199074,0.167435,0.282352
994,0.119356,0.168535,0.0617381,0.200254,0.169735,0.280372
995,0.121516,0.167335,0.0584382,0.199654,0.168895,0.284151
996,0.118916,0.170695,0.0594582,0.197414,0.167575,0.285931
997,0.118676,0.166835,0.0601182,0.199734,0.170675,0.283951
998,0.118436,0.167135,0.0605782,0.199774,0.172535,0.281532
999,0.118876,0.166495,0.0583183,0.203814,0.167995,0.284491
